threads,run,range_seconds,chunk_seconds,total_seconds
1,1,0.188749,53.866644,54.055393
1,2,0.186773,53.849436,54.036209
1,3,0.188350,53.891915,54.080265
1,4,0.183975,53.870256,54.054231
1,5,0.183004,53.838052,54.021056
1,6,0.185897,53.830579,54.016476
1,7,0.183164,53.830860,54.014024
1,8,0.182426,53.813272,53.995698
1,9,0.183679,53.780353,53.964032
1,10,0.183201,53.656399,53.839600
2,1,0.183543,28.070679,28.254222
2,2,0.182866,28.044804,28.227670
2,3,0.184295,28.055268,28.239563
2,4,0.185131,28.040202,28.225333
2,5,0.184262,28.063883,28.248145
2,6,0.185528,28.050955,28.236483
2,7,0.184946,28.243418,28.428364
2,8,0.183923,28.224095,28.408018
2,9,0.186489,28.234751,28.421240
2,10,0.183717,28.203868,28.387585
3,1,0.183477,19.675848,19.859325
3,2,0.184511,19.670365,19.854876
3,3,0.184631,19.661811,19.846442
3,4,0.186422,19.672486,19.858908
3,5,0.181978,19.657186,19.839164
3,6,0.186421,19.648281,19.834702
3,7,0.187657,19.632557,19.820214
3,8,0.184287,19.639324,19.823611
3,9,0.186517,19.617713,19.804230
3,10,0.185937,19.621773,19.807710
4,1,0.183903,15.279410,15.463313
4,2,0.186764,15.277213,15.463977
4,3,0.188548,15.263358,15.451906
4,4,0.186566,15.200823,15.387389
4,5,0.182849,15.209400,15.392249
4,6,0.185130,15.214071,15.399201
4,7,0.185005,15.234443,15.419448
4,8,0.184176,15.220153,15.404329
4,9,0.187523,15.223003,15.410526
4,10,0.183420,15.217909,15.401329
5,1,0.188169,12.652467,12.840636
5,2,0.188897,12.677745,12.866642
5,3,0.187863,12.678895,12.866758
5,4,0.189762,12.678281,12.868043
5,5,0.188744,12.690485,12.879229
5,6,0.190424,12.872805,13.063229
5,7,0.187606,12.713371,12.900977
5,8,0.188416,12.799036,12.987452
5,9,0.185107,12.789619,12.974726
5,10,0.187090,12.778529,12.965619
6,1,0.186739,11.057766,11.244505
6,2,0.188710,11.074445,11.263155
6,3,0.186991,11.069944,11.256935
6,4,0.185031,11.085923,11.270954
6,5,0.188594,11.085792,11.274386
6,6,0.188661,11.043925,11.232586
6,7,0.183233,11.040849,11.224082
6,8,0.189041,11.021503,11.210544
6,9,0.187629,11.104063,11.291692
6,10,0.188282,11.112183,11.300465
7,1,0.186386,9.790891,9.977277
7,2,0.190387,9.234748,9.425135
7,3,0.188524,9.683178,9.871702
7,4,0.185965,9.862950,10.048915
7,5,0.188779,9.694148,9.882927
7,6,0.185127,9.793038,9.978165
7,7,0.188685,9.621192,9.809877
7,8,0.187242,9.755515,9.942757
7,9,0.187128,9.608228,9.795356
7,10,0.188645,9.837145,10.025790
8,1,0.191562,6.445492,6.637054
8,2,0.189038,5.989096,6.178134
8,3,0.189067,5.999859,6.188926
8,4,0.187656,5.707301,5.894957
8,5,0.191923,5.396736,5.588659
8,6,0.189280,6.328116,6.517396
8,7,0.189522,6.472193,6.661715
8,8,0.188921,6.211053,6.399974
8,9,0.190664,5.891478,6.082142
8,10,0.187912,6.236716,6.424628
9,1,0.191061,2.365912,2.556973
9,2,0.193858,3.367512,3.561370
9,3,0.192820,3.186135,3.378955
9,4,0.191930,2.072141,2.264071
9,5,0.190789,2.119649,2.310438
9,6,0.196860,4.026052,4.222912
9,7,0.192418,2.243327,2.435745
9,8,0.192103,2.127011,2.319114
9,9,0.194844,4.370781,4.565625
9,10,0.195335,2.262431,2.457766
10,1,0.192527,1.894441,2.086968
10,2,0.196751,2.136260,2.333011
10,3,0.191099,1.902179,2.093278
10,4,0.193117,1.900190,2.093307
10,5,0.198054,2.349732,2.547786
10,6,0.196540,2.153150,2.349690
10,7,0.195892,2.007469,2.203361
10,8,0.199547,2.092857,2.292404
10,9,0.198732,1.969239,2.167971
10,10,0.201937,2.102077,2.304014
11,1,0.201985,1.901001,2.102986
11,2,0.194308,2.405907,2.600215
11,3,0.193916,1.903842,2.097758
11,4,0.199702,1.824061,2.023763
11,5,0.198757,1.840819,2.039576
11,6,0.194297,1.889039,2.083336
11,7,0.195403,1.779369,1.974772
11,8,0.197027,1.961702,2.158729
11,9,0.197465,1.809565,2.007030
11,10,0.200623,1.795521,1.996144
12,1,0.197421,1.758580,1.956001
12,2,0.196508,2.073491,2.269999
12,3,0.197474,1.870798,2.068272
12,4,0.200745,1.765771,1.966516
12,5,0.193382,1.904500,2.097882
12,6,0.199046,1.845273,2.044319
12,7,0.197874,1.868829,2.066703
12,8,0.199465,1.875467,2.074932
12,9,0.194208,2.162652,2.356860
12,10,0.196616,1.794955,1.991571
13,1,0.192691,1.900769,2.093460
13,2,0.198698,1.839036,2.037734
13,3,0.195465,1.843128,2.038593
13,4,0.199978,1.869589,2.069567
13,5,0.195190,1.813887,2.009077
13,6,0.198227,1.837257,2.035484
13,7,0.199287,1.953746,2.153033
13,8,0.199690,1.960033,2.159723
13,9,0.195456,1.947664,2.143120
13,10,0.192402,1.861731,2.054133
14,1,0.198194,1.957946,2.156140
14,2,0.198456,1.864205,2.062661
14,3,0.199864,1.999230,2.199094
14,4,0.195168,1.926466,2.121634
14,5,0.197081,1.874651,2.071732
14,6,0.194280,1.960011,2.154291
14,7,0.195214,2.068689,2.263903
14,8,0.195627,1.863609,2.059236
14,9,0.192932,1.976333,2.169265
14,10,0.199067,1.876350,2.075417
15,1,0.195046,1.867405,2.062451
15,2,0.198453,1.928933,2.127386
15,3,0.198380,1.900051,2.098431
15,4,0.200641,1.904114,2.104755
15,5,0.199623,2.021622,2.221245
15,6,0.198390,1.928632,2.127022
15,7,0.195150,1.906990,2.102140
15,8,0.197227,1.926142,2.123369
15,9,0.199432,1.903993,2.103425
15,10,0.195191,1.895345,2.090536
16,1,0.192314,1.916282,2.108596
16,2,0.198638,1.894656,2.093294
16,3,0.196280,1.912715,2.108995
16,4,0.198461,1.926804,2.125265
16,5,0.195253,1.895019,2.090272
16,6,0.197056,1.926428,2.123484
16,7,0.197369,1.858223,2.055592
16,8,0.198655,1.900503,2.099158
16,9,0.197910,1.866197,2.064107
16,10,0.200394,1.916085,2.116479
17,1,0.199325,1.865765,2.065090
17,2,0.194637,1.835675,2.030312
17,3,0.195195,1.832215,2.027410
17,4,0.200830,1.822315,2.023145
17,5,0.195166,1.806061,2.001227
17,6,0.199396,1.820078,2.019474
17,7,0.198474,1.784823,1.983297
17,8,0.194589,1.775546,1.970135
17,9,0.198248,1.786519,1.984767
17,10,0.202040,1.759945,1.961985
18,1,0.194780,1.802936,1.997716
18,2,0.198398,1.822126,2.020524
18,3,0.194462,1.811417,2.005879
18,4,0.195664,1.798875,1.994539
18,5,0.200898,1.860439,2.061337
18,6,0.206126,2.063794,2.269920
18,7,0.198145,1.869490,2.067635
18,8,0.199524,1.934535,2.134059
18,9,0.199524,1.937073,2.136597
18,10,0.196434,1.905243,2.101677
19,1,0.199453,1.906653,2.106106
19,2,0.196828,1.929070,2.125898
19,3,0.194676,1.859803,2.054479
19,4,0.199565,1.947415,2.146980
19,5,0.195296,1.919640,2.114936
19,6,0.195002,1.882428,2.077430
19,7,0.194874,1.939165,2.134039
19,8,0.200056,1.864090,2.064146
19,9,0.196469,1.952209,2.148678
19,10,0.194881,1.862193,2.057074
20,1,0.196342,1.838911,2.035253
20,2,0.198644,1.917531,2.116175
20,3,0.198743,1.878830,2.077573
20,4,0.195335,1.915186,2.110521
20,5,0.196761,1.885769,2.082530
20,6,0.199216,1.850674,2.049890
20,7,0.201148,1.881539,2.082687
20,8,0.200547,1.885670,2.086217
20,9,0.199987,1.933652,2.133639
20,10,0.196873,1.877073,2.073946
